item,itemLabel,position,party,partyLabel,area,areaLabel,startDate,endDate,gender,psid
Q112568203,AKOUALA GAMBOU Francis Rivelin,Q112567889,,,,,2017-08-19,,,Q112568203-7459CC8B-656A-4264-9E44-156134B68239
Q112568204,ALONTSAMI Raymond,Q112567889,Q1785816,PCT,,,2017-08-19,,,Q112568204-52E24E11-9060-48A6-BE6D-A9C84A0889BB
Q112568397,ALOUMBA Alexandre,Q21295980,Q1785816,PCT,,,2017-08-19,,,Q112568397-9BB1F3EF-1B88-4CF2-95B6-D4F05427CB44
Q112568398,AMBETO Blaise,Q21295980,Q1785816,PCT,,,2017-08-19,,male,Q112568398-5EE1B8DF-D84D-422C-B2BD-5DD1ACC96DEA
Q112568207,ANDAMOUI Raphael,Q112567889,Q1785816,PCT,,,2017-08-19,,,Q112568207-5F255491-D22D-4150-A026-09D0F78B3924
Q112568208,AVOUNGOU Georges,Q112567889,Q1785816,PCT,,,2017-08-19,,,Q112568208-9C98B1CC-4661-455D-A953-0EAED4CFE086
Q5452128,AYESSA Firmin,Q21295980,Q1785816,PCT,,,2017-08-19,,male,Q5452128-B5FB446A-DA3E-46B1-B130-759244FEB6BE
Q6281268,BADIABIO Joseph,Q21295980,Q327591,SÉ,,,2017-08-19,,male,Q6281268-A693C665-15FC-40EB-A73E-62137F92E335
Q112568209,BALOKI Gisèle,Q112567889,Q327591,SÉ,,,2017-08-19,,,Q112568209-6203F030-B3C8-40AD-9529-4BF88F4A90D3
Q112568210,BAMBA Octave,Q112567889,Q1785816,PCT,,,2017-08-19,,,Q112568210-8B3CA6A1-AEAF-4EC9-AE27-2D6336800BC5
Q112568399,BAMBI GOMA Gerald Lone,Q21295980,Q327591,SÉ,,,2017-08-19,,,Q112568399-98EDA934-6CE9-4568-B757-006A81A995EF
Q112568211,BANDANGOYI YANDOT Claude Juet,Q112567889,,,,,2017-08-19,,,Q112568211-CD32883F-7525-45C4-9E04-AFF8292A0BDC
Q112568212,BANGA Antoine,Q112567889,,,,,2017-08-19,,,Q112568212-C577E820-B4EE-4D38-83C9-6452667ED8BE
Q112568213,BANZANI Sébastien Rigobert,Q112567889,Q1785816,PCT,,,2017-08-19,,,Q112568213-AD591512-7DBE-4CA4-BFC7-83ADE17306C1
Q112568214,BANZOULOU KANI Honorat,Q112567889,Q1785816,PCT,,,2017-08-19,,,Q112568214-3CC06DC7-E0F7-4D17-8DF7-6BB10EDA848D
Q112568215,BASSAFOULA Emile,Q112567889,Q327591,SÉ,,,2017-08-19,,,Q112568215-C23B888D-6699-4B34-A9D5-A15795872E0C
Q112568216,BASSEGELA née BIANFOUANA Albertine,Q112567889,Q327591,SÉ,,,2017-08-19,,,Q112568216-BB4A1827-2F28-4D77-B137-898ED9243805
Q112568217,BATANGOUNA MOUNDA Bienvenu,Q112567889,Q1785816,PCT,,,2017-08-19,,,Q112568217-630E0CCF-0431-43C8-B27F-95487A58BB2A
Q112568400,BATCHI Gabriel,Q21295980,,,,,2017-08-19,,,Q112568400-D875E61C-CBE3-4A84-AAE7-A2E250F0FE34
Q16951225,BATI Benoit,Q21295980,Q1785816,PCT,,,2017-08-19,,male,Q16951225-CD00231D-2EAC-4B08-A964-9E585458840F
Q112568401,BAYENDISSA Brice Dimitri,Q21295980,Q1785816,PCT,,,2017-08-19,,,Q112568401-5EB54399-9B97-4230-99C3-6765B0581D7E
Q112568218,BEH Jean Claude,Q112567889,Q1785816,PCT,,,2017-08-19,,,Q112568218-F5955330-92B6-4141-A134-09BE4619B7B3
Q112568219,BELEMBO Auguste,Q112567889,Q1785816,PCT,,,2017-08-19,,,Q112568219-A25F6C28-A235-42F7-B9A0-207785A7DC17
Q112568220,BELEMENE DZAMOND Hilaire,Q112567889,Q1785816,PCT,,,2017-08-19,,,Q112568220-A636954D-FA58-4500-A6AA-CC95684BBC9C
Q112568221,BELI Victor,Q112567889,,,,,2017-08-19,,,Q112568221-4343B698-2D14-4791-86D4-57CF741F3B7A
Q112568402,BIDIE BIAMBEMBA Placide Helb,Q21295980,,,,,2017-08-19,,,Q112568402-51D1C79D-2DFA-471C-8CF7-4A48478EE1C9
Q112568403,BIDOUNGA Alphonse,Q21295980,,,,,2017-08-19,,,Q112568403-E461583D-DFA1-4AD2-980E-697C0451734B
Q50379869,BININGA Aimé Ange Wilfrid,Q21295980,Q1785816,PCT,Q5419068,Ewo District,2017-08-19,,male,Q50379869-04767418-b109-440e-927f-684635f3a595
Q112568222,BINISSA François,Q112567889,Q1785816,PCT,,,2017-08-19,,,Q112568222-5242869C-FFAD-4F3F-ADB2-FD8963B9A250
Q112568223,BIRANGUE Aloise,Q112567889,Q327591,SÉ,,,2017-08-19,,,Q112568223-1D7211C5-8CE1-4973-B3B0-4EFF81694724
Q112568404,BISSOUTA MABONDA Alois Devic,Q21295980,Q1785816,PCT,,,2017-08-19,,,Q112568404-2F8344A4-DCEE-405C-AA18-AB877B44C08F
Q112568405,BIYOT Jean Bruno,Q21295980,,,,,2017-08-19,,,Q112568405-079D53B6-0658-4A01-80E0-8F2E39A50D1D
Q112568224,BOBOT Pascal Edmond,Q112567889,Q1785816,PCT,,,2017-08-19,,,Q112568224-B999CF8C-213C-45C2-9501-18B4D00A2160
Q112568225,BOKAMBISSA Prudent,Q112567889,Q1785816,PCT,,,2017-08-19,,,Q112568225-CFAFEE34-42B1-487C-83C9-9686B220C2B8
Q112568406,BOKOUMAKA Gabriel,Q21295980,Q1785816,PCT,,,2017-08-19,,,Q112568406-7499FC7B-BEB8-45F6-B592-4C2184836C2F
Q112568226,BONGO Emilon Patrick,Q112567889,,,,,2017-08-19,,,Q112568226-A8DD8E94-FA1E-4FA3-8416-8273AB7C3C24
Q112568227,BONGO-SAMBY IBOMBO Louise,Q112567889,Q1785816,PCT,,,2017-08-19,,,Q112568227-9DA23B3B-FA2E-41D1-BB4F-48D795D4214D
Q112568407,BONGOUAMBE MOLOBO Baccer,Q21295980,Q1785816,PCT,,,2017-08-19,,,Q112568407-AB4D4B3F-C097-4161-B6E4-644F67FDA029
Q112568228,BOSSA Fidèle,Q112567889,Q1785816,PCT,,,2017-08-19,,,Q112568228-0B56A776-E13B-456B-8261-4DA2ED8DD3C1
Q112568229,BOUBITA MBOMO,Q112567889,,,,,2017-08-19,,,Q112568229-A7784F46-0F3B-4259-97B0-DE0466A9B205
Q112568409,BOUDZIKA Bonaventure,Q21295980,,,,,2017-08-19,,,Q112568409-965AA02A-6013-4DF2-AC06-05518C227148
Q112568230,BOUITY Berthe,Q112567889,,,,,2017-08-19,,,Q112568230-9E9CE7B0-5C35-4D2A-8B0C-13BFC945DA78
Q112568410,BOUTI-VIAUDO Roland,Q21295980,,,,,2017-08-19,,,Q112568410-CF0C0CCC-E98A-4CCF-967D-07D623A86F20
Q6169352,BOUYA Jean Jacques,Q21295980,Q1785816,PCT,,,2017-08-19,,male,Q6169352-C7FF6CA5-8AF0-4CE0-AB5D-48A5C6917C23
Q112568411,CHISSO Adélaïde Rufine,Q21295980,Q1785816,PCT,,,2017-08-19,,,Q112568411-A95376DD-08CE-47A0-8C81-47E8F41A3A8F
Q3295579,COUSSOUD-MAVOUNGOU Martin Parfait Aimé,Q21295980,Q1785816,PCT,,,2017-08-19,2022-03-14,male,Q3295579-B7883BEF-CCAF-490F-A89C-D92A5C673B57
Q112568231,DANGUIME Martial,Q112567889,Q1785816,PCT,,,2017-08-19,,,Q112568231-60B303F2-7F92-4BE8-93E2-D993528F6ECA
Q112568233,DASSIA Robert,Q112567889,Q1785816,PCT,,,2017-08-19,,,Q112568233-A6B6EA02-3F0D-43CB-9E17-E62BD20FFB16
Q112568412,DILOU NGOMA Samuel,Q21295980,Q327591,SÉ,,,2017-08-19,,,Q112568412-D0CA238C-C622-49F2-99B7-B33E4FAA9812
Q5715430,DJOMBO Henri,Q21295980,Q1785816,PCT,,,2002,,male,Q5715430-6DE5AE91-EAB2-408A-BE50-BC1AAEC14710
Q112568413,DOLAMA Virginie Euphrasie,Q21295980,Q1785816,PCT,,,2017-08-19,,,Q112568413-E077BEDD-13EB-4E27-881B-250BFDC25604
Q112568234,DOLOBO BOKOCKOU Gabriel,Q112567889,Q1785816,PCT,,,2017-08-19,,,Q112568234-22B5D0CF-0D3A-4F22-A4CE-05E3B290441B
Q48778190,DOUKAGA Destinée Hermella,Q21295980,,,,,2017-08-19,,female,Q48778190-8A3D55B3-2D0D-4B02-93C4-5107F6892C97
Q112568235,DOUMA Boniface,Q112567889,,,,,2017-08-19,,,Q112568235-3F2E41C9-326E-423D-B7B9-A85B8A46DA8E
Q112568236,EBARA Fidèle,Q112567889,Q1785816,PCT,,,2017-08-19,,,Q112568236-E91BB666-B54C-42AE-B4DB-11F1C11EFBFA
Q112568414,EBINA José Cyr Adélard,Q21295980,Q1785816,PCT,,,2017-08-19,,,Q112568414-860AA612-FC75-4BAF-915C-AB502B11EA4A
Q112568237,EDJO Jean Robert,Q112567889,Q1785816,PCT,,,2017-08-19,,,Q112568237-4EA1EF70-1BF1-4D71-B7F4-B191AC3AAE78
Q112568239,EKONGO Adolphe,Q112567889,Q1785816,PCT,,,2017-08-19,,,Q112568239-05C09833-A072-48A8-89B6-E863457D5260
Q112568240,ELAULT Bello Belard,Q112567889,Q1785816,PCT,,,2017-08-19,,,Q112568240-36569591-3BF5-4C76-BB07-BEADBB1A27E0
Q112568415,ELENGA Faustin,Q21295980,Q1785816,PCT,,,2017-08-19,,male,Q112568415-3E2FBE23-2506-4C11-B6EA-74DA32AF674D
Q112568241,ETOUA Claver David,Q112567889,Q1785816,PCT,,,2017-08-19,,,Q112568241-0405F4CF-B452-4D9C-BFB7-5B2551F61FB4
Q112568242,EZOUNA NGUIMBI Laure Jeremih,Q112567889,Q1785816,PCT,,,2017-08-19,,,Q112568242-27DF657F-EA62-445B-A0EB-910900BEC173
Q16873364,FOLLO Isaac Raymond,Q21295980,Q1785816,PCT,,,2017-08-19,,male,Q16873364-4028CA6E-272E-4578-8083-6696A517C926
Q112568243,FOUNGUI Athanase,Q112567889,Q1785816,PCT,,,2017-08-19,,,Q112568243-47E5688B-F199-4C28-9888-0CF92E996F06
Q57464277,FYLLA SAINT-EUDES Nicéphore Antoine,Q21295980,,,,,2017-08-19,,male,Q57464277-3050312E-0055-49C0-B53D-3294E4768638
Q112568416,GALIBALI Ghyslain Millet,Q21295980,Q327591,SÉ,,,2017-08-19,,,Q112568416-2CFABB8A-4DC5-4D3A-ADDB-186E41F3CCA4
Q112568244,GAMPFINA BAMPE Bory,Q112567889,,,,,2017-08-19,,,Q112568244-FB6C1B04-056D-432A-B89D-F01C6F1D5395
Q112568245,GANAO NGASSEBE Marc Aurèle,Q112567889,,,,,2017-08-19,,,Q112568245-5041BF69-F478-46EA-B419-ECC480F6AC9E
Q112568417,GASSACKYS Ferrol Constant Patrick,Q21295980,Q1785816,PCT,,,2017-08-19,,,Q112568417-9FABA4E2-CEB9-4900-89D1-A0ABEB88F144
Q112568246,GOMA Antoine,Q112567889,Q1785816,PCT,,,2017-08-19,,,Q112568246-0D09D552-FCCA-499C-89E6-9D1D874756AF
Q112568418,GOUAMBA Ninon Pachel,Q21295980,Q327591,SÉ,,,2017-08-19,,,Q112568418-84420240-5460-42E2-82E9-692EB0434626
Q3121597,Guy Brice Parfait Kolélas,Q21295980,,,,,2007,2021-03-22,male,Q3121597-8661daa0-43df-1995-1133-86c6a78d3e75
Q112568419,HOBIE Thierry,Q21295980,Q1785816,PCT,,,2017-08-19,,,Q112568419-BA9A00D1-5E9E-49B5-A810-E0E88C2231C9
Q112568247,IBARA Jean,Q112567889,Q1785816,PCT,,,2017-08-19,,,Q112568247-847303AB-2496-4175-BD51-450CA4D7B1EA
Q112568420,IBARA NDELI Felix,Q21295980,Q1785816,PCT,,,2017-08-19,,male,Q112568420-D9E8246F-C041-48AA-B1A0-367E5EC4483A
Q112568248,IBELA Abraham,Q112567889,Q1785816,PCT,,,2017-08-19,,,Q112568248-75A0CEF7-4FFA-416F-BC06-A29C81582EBC
Q112568249,IBINGOU KOUASSI Gaëtan,Q112567889,Q327591,SÉ,,,2017-08-19,,,Q112568249-F5ED807E-42C2-4455-8795-4A6D18FE55EF
Q112568421,IBOMBO Jean Pierre,Q21295980,Q1785816,PCT,,,2017-08-19,,,Q112568421-9009152F-A0AC-41D1-A348-E867F5577BE1
Q112568250,IBOUANGA Jean Pierre,Q112567889,,,,,2017-08-19,,,Q112568250-A4715723-56CE-48F3-9C13-D17C791C89A2
Q16730014,IBOVI Jean Claude,Q21295980,,,,,2017-08-19,,male,Q16730014-E0E9C628-0F17-4875-8A55-9B5220902CDC
Q112568251,IKANI OBAMBI Maurice,Q112567889,Q1785816,PCT,,,2017-08-19,,,Q112568251-0F6CC2B3-4503-446A-AE9C-043FDA6C5281
Q112568422,IKEMOU Théodore,Q21295980,Q1785816,PCT,,,2017-08-19,,,Q112568422-46FE5D92-BBC0-4D70-AAFA-BE8C9754B98C
Q61600532,INGANI INES NEFER Bertille,Q21295980,Q1785816,PCT,,,2017-08-19,,female,Q61600532-bc9d1920-0ab7-4c80-a701-41b6c91c4583
Q112568252,INKARI Benoit,Q112567889,Q1785816,PCT,,,2017-08-19,,,Q112568252-A6D24110-1AFC-42E5-861B-CC31C084CDAB
Q4979263,ITOUA Bruno Jean Richard,Q21295980,Q1785816,PCT,,,2017-08-19,,male,Q4979263-47060FB6-E7F3-41D3-9080-8661B004AB3F
Q112568423,KABA VELE née MPAN Suzanne,Q21295980,Q1785816,PCT,,,2017-08-19,,,Q112568423-57E8BFBE-AEB7-4EE8-A9A9-C0846C80B0FD
Q17388560,KALLA Marcel,Q21295980,Q1785816,PCT,,,2017-08-19,,male,Q17388560-68105862-B55C-45C9-9EAC-021FF7EB1719
Q112568253,KAMARA BANDHIOUGOU Hilley,Q112567889,Q1785816,PCT,,,2017-08-19,,,Q112568253-9BC3B5B9-23CF-4040-AB35-B26D78C2FAA3
Q61729121,KANDO Jean François,Q21295980,Q1785816,PCT,,,2017-08-19,,male,Q61729121-D71680C1-7162-4946-B8D3-7740E759F399
Q112568424,KANGA Jean Bruno,Q21295980,Q1785816,PCT,,,2017-08-19,,,Q112568424-96DE58EE-C70E-4B79-9F01-26152BE3BEB6
Q112568254,KANGA Philipe,Q112567889,Q1785816,PCT,,,2017-08-19,,,Q112568254-6D6894E7-D2E7-4991-BD50-ED74390A6B3F
Q112568255,KAYA Jean,Q112567889,Q1785816,PCT,,,2017-08-19,,,Q112568255-27DAB3A5-31CC-4F41-A54A-E4E839D9C8A3
Q112568256,KAYA MVOULA Brice,Q112567889,,,,,2017-08-19,,,Q112568256-4DE134AD-F853-4C55-86FF-78888E007255
Q112568257,KESSALE Prosper,Q112567889,Q1785816,PCT,,,2017-08-19,,,Q112568257-4D4C9268-B453-41CD-A47D-0C98A2E61EE3
Q112568258,KIBA Jean Paul,Q112567889,Q1785816,PCT,,,2017-08-19,,,Q112568258-75F0AF76-2BBF-4639-8A68-B6FDF0AFC58F
Q112568259,KIBA Salomon,Q112567889,Q1785816,PCT,,,2017-08-19,,,Q112568259-443278BE-5235-4385-AA29-871218F33F8F
Q112568260,KIBOYI Omer,Q112567889,Q1785816,PCT,,,2017-08-19,,,Q112568260-7347CF06-5091-4180-9F79-6C8D170B655B
Q112568425,KIBOZI Régis Joseph,Q21295980,Q327591,SÉ,,,2017-08-19,,,Q112568425-B3B29D04-57DD-4D16-9277-4657FD7C52DC
Q112399,KIGNOUMBI KIA MBOUNGOU Joseph,Q21295980,Q3550401,UPADS,,,2002,,male,Q112399-c2b8ce99-bb56-4659-8d39-df1bc7569b9e
Q112568261,KOMBILA Michel Roger,Q112567889,,,,,2017-08-19,,,Q112568261-4E264CB1-6B61-4C52-8A82-641105DC8F5F
Q112568262,KOUAZAU MAU Yvon Brice,Q112567889,,,,,2017-08-19,,,Q112568262-CB692ABA-0826-4E50-865E-D71CFE6247B6
Q112568263,KOUKA Jeanne Rose,Q112567889,,,,,2017-08-19,,,Q112568263-85850EE3-5B8E-4A04-9C7C-4B809D3361AC
Q112568426,KOULOUMBOU Marie Jeanne,Q21295980,Q1785816,PCT,,,2017-08-19,,,Q112568426-EDF02668-DDBC-4A5A-8847-4E34AC21517E
Q112568264,KOUMBA BALOLA Gaston,Q112567889,Q327591,SÉ,,,2017-08-19,,,Q112568264-BE60BDD8-8C8F-431F-8546-8D2C18D53072
Q6317789,KOUMBA Justin,Q21295980,Q1785816,PCT,,,2017-08-19,,male,Q6317789-DF61007B-69E9-4F6E-A788-F0A4810F7EF1
Q112568427,KOURISSA Jean De Dieu,Q21295980,Q1785816,PCT,,,2017-08-19,,male,Q112568427-908FCAF0-A0D7-4D69-BBD2-B28410121144
Q112568265,LABIMEBOU Timothé,Q112567889,Q1785816,PCT,,,2017-08-19,,,Q112568265-C80E77E8-5551-40F8-8FF5-A8DF32D52AB8
Q112568428,LALISSINI BIKINDOU Justice,Q21295980,Q327591,SÉ,,,2017-08-19,,,Q112568428-44DA0E10-B32A-4DC6-BC52-840D7023ACA9
Q112568266,LEKAKA Nadège Carole,Q112567889,Q1785816,PCT,,,2017-08-19,,,Q112568266-49B99489-4B16-404F-904A-74C8BC8EB91F
Q112568267,LEKOUNDZOU TSATSA Avanke,Q112567889,Q1785816,PCT,,,2017-08-19,,,Q112568267-CD30E8FD-B656-452E-B743-00CCB27CBA8B
Q112568429,LEMBOUMBA née IKIA SASSOU-NGUESSO Claudia,Q21295980,Q1785816,PCT,,,2017-08-19,,female,Q112568429-EB339D0B-B528-43EC-B93B-00DEE9D8907C
Q112568268,LENGA Isidore,Q112567889,Q1785816,PCT,,,2017-08-19,,,Q112568268-1389C7D9-C511-4669-977E-C61778EA99D2
Q112568430,LEYINDA Pascal Alain,Q21295980,,,,,2017-08-19,,male,Q112568430-3F127D85-77AC-4B1E-8611-1E8BB02F635C
Q112568269,LIMBOULA Bruno,Q112567889,Q327591,SÉ,,,2017-08-19,,,Q112568269-26B37517-BAD5-4A01-8986-6C31F95F8B18
Q112568463,LISSOUBA Jeremih Sylvain,Q21295980,,,,,2017-08-19,,,Q112568463-A754E7BE-60CE-473A-BF70-7331ACB5D16B
Q112568464,LITENGO KONGO Simon,Q21295980,,,,,2017-08-19,,,Q112568464-1B7FF03D-59CD-4D9C-B7EE-E0D8B689E0BC
Q112568270,LOKO Etienne,Q112567889,Q327591,SÉ,,,2017-08-19,,,Q112568270-FE08BC73-2727-4766-AA59-3CF8CD18DC04
Q112568271,LOUBANGASSOU Daniel,Q112567889,Q327591,SÉ,,,2017-08-19,,,Q112568271-215C7E46-88DD-407B-BEBB-86D1DAFC0FC5
Q112568272,LOUEMEBET Landry Autria Fabrice,Q112567889,,,,,2017-08-19,,,Q112568272-DD53DFD7-A416-43C1-B537-58016791F08C
Q112568273,LOUVOUNOU Alphonse,Q112567889,Q1785816,PCT,,,2017-08-19,,,Q112568273-250DB084-D6C2-4436-83D8-BA7B14832AC1
Q112568274,MABIALA Alain Roger,Q112567889,Q327591,SÉ,,,2017-08-19,,,Q112568274-937D30FE-673D-4559-9310-C14134F93BF8
Q112568465,MABIALA Alexandre,Q21295980,Q1785816,PCT,,,2017-08-19,,male,Q112568465-C568B6AC-756B-4491-BDF8-B0C0330511B9
Q7192339,MABIALA Pierre,Q21295980,Q1785816,PCT,,,2017-08-19,,male,Q7192339-904D3C64-6877-4985-BFDC-3CA77BDD48B2
Q112568275,MAFIMBA BOUYA Jean Raoul,Q112567889,Q1785816,PCT,,,2017-08-19,,,Q112568275-132FE128-A37F-464D-A045-4FEC0217F638
Q112568276,MAKASSELA EWHAKOU Herdy,Q112567889,Q1785816,PCT,,,2017-08-19,,,Q112568276-EA3B042B-BA05-43EF-96EC-E1D85326B36B
Q112568277,MAKASSO Fils Basile,Q112567889,Q1785816,PCT,,,2017-08-19,,,Q112568277-002EA943-036C-4013-94C3-D1F001AEA623
Q4752077,MAKOSSO Anatole Collinet,Q112567889,Q1785816,PCT,,,2017-07,,male,Q4752077-88c94866-18cd-4434-bb77-9d471ec4fc97
Q112568466,MAKOSSO Christian Ernest,Q21295980,Q1785816,PCT,,,2017-08-19,,,Q112568466-1203B370-7F53-41FE-B434-DB2AC35AB660
Q112568278,MAKOSSO Serge Marvelh,Q112567889,,,,,2017-08-19,,,Q112568278-A5A5283D-BD18-40A7-9032-57A583528BB2
Q112568279,MAKOUENDE Jean Didier,Q112567889,,,,,2017-08-19,,,Q112568279-489E8222-9D9A-49EE-9DB6-6AB703272BAA
Q112568281,MALELA Bernard,Q112567889,Q327591,SÉ,,,2017-08-19,,,Q112568281-AAB10D4D-2409-4061-A2F3-60A96CC7C469
Q112568282,MALONGA Jean Paul,Q112567889,,,,,2017-08-19,,,Q112568282-566D9CFE-8C22-441E-8D61-5BEDEA3E4A93
Q112568467,MALONGA Nicolas Jean Jacques,Q21295980,Q327591,SÉ,,,2017-08-19,,,Q112568467-B4957ED3-D1C2-4E09-9060-62126F300DA4
Q112568468,MAMBOUO née SITA Olga Clarisse,Q21295980,Q327591,SÉ,,,2017-08-19,,,Q112568468-38391622-808B-485B-AC42-9FC2C1D3F60A
Q112568469,MAMONA Ferdinand,Q21295980,Q1785816,PCT,,,2017-08-19,,,Q112568469-9FE0C2DE-956C-4262-BBC2-33311923D786
Q112568283,MAMPASSI Jean Bosco,Q112567889,Q1785816,PCT,,,2017-08-19,,,Q112568283-D48D67A7-5FA6-4E61-B2C3-C05C28BAC3DF
Q112568284,MAMPEME Jean Felix,Q112567889,Q1785816,PCT,,,2017-08-19,,,Q112568284-B5F451D4-CAAC-4769-92EE-D5B73C1A94D3
Q112568285,MANGUELE Marie Solange,Q112567889,Q1785816,PCT,,,2017-08-19,,,Q112568285-F1C4E724-53DD-445D-BA43-A62086EF5506
Q112568470,MANIA Venance,Q21295980,Q1785816,PCT,,,2017-08-19,,male,Q112568470-B9B70275-F8C8-4669-8A82-A754C6341F63
Q112568286,MANKITA Joseph,Q112567889,Q1785816,PCT,,,2017-08-19,,,Q112568286-7A174DB5-5DC9-4C33-A415-2C90E936CC3C
Q112568287,MANKOU Aimé Vincent,Q112567889,Q327591,SÉ,,,2017-08-19,,,Q112568287-B1F7B170-59AB-4771-BE31-EF619513BBCB
Q112568288,MANTSOUNGA Joseph,Q112567889,Q1785816,PCT,,,2017-08-19,,,Q112568288-71FD225F-DF19-4A5E-A7D4-690BF6FFE109
Q112568290,MASSE DENGUE Rodrigue,Q112567889,Q1785816,PCT,,,2017-08-19,,,Q112568290-DC9C96E9-62B4-46C3-87F9-131A962BCC3A
Q112568291,MATOKOT Aristide,Q112567889,,,,,2017-08-19,,,Q112568291-0F483F0B-FD43-4903-A1D6-4EA01A21AA97
Q112568471,MATOMBE Paul,Q21295980,Q327591,SÉ,,,2017-08-19,,,Q112568471-84CD3D49-2AAD-4B26-99B0-AABC155D535C
Q112568292,MATOUTI Albert,Q112567889,Q1785816,PCT,,,2017-08-19,,,Q112568292-E141F1FE-647A-4FD0-A3FA-84EAC3BB88B7
Q112568473,MATSIMA KIMBEMBE Préference,Q21295980,Q327591,SÉ,,,2017-08-19,,,Q112568473-20C48E2F-CA33-42F7-A741-7986D8ADD071
Q112568293,MAVOUNGOU Gustave,Q112567889,,,,,2017-08-19,,,Q112568293-F6C0E39B-ABB9-4267-8E51-2D6B5206D3DC
Q112568474,MAVOUNGOU Jean Antoine,Q21295980,Q1785816,PCT,,,2017-08-19,,,Q112568474-93BA97B1-2834-4D91-AE35-DD0DC27B002E
Q6793338,MAVOUNGOU Maurice,Q21295980,,,,,2017-08-19,,male,Q6793338-ED88232B-23C9-48E1-8BF7-CEAB87D04703
Q112568294,MAYANITH NGOMA,Q112567889,Q1785816,PCT,,,2017-08-19,,,Q112568294-BF3DCE73-C735-4658-9E30-72404DF5693C
Q112568295,MAYOYO Rémy Pierre,Q112567889,,,,,2017-08-19,,,Q112568295-326E2971-463B-425B-8A5C-42C790C014DE
Q112568296,MBAMA Fabrice Adolphe,Q112567889,Q1785816,PCT,,,2017-08-19,,,Q112568296-E749C701-0F43-4260-AA2C-183C341EFEBB
Q112568475,MBANI Jean Valère,Q21295980,,,,,2017-08-19,,,Q112568475-E43A24CB-6148-41A0-9E36-91790607939E
Q112321258,MBANI Marcel,Q21295980,Q1785816,PCT,,,2017-08-19,,,Q112321258-CE3A1741-2F1E-4175-A8C5-D8BB6D093E3B
Q112568476,MBANZOULOU Eugene,Q21295980,Q1785816,PCT,,,2017-08-19,,,Q112568476-0806F171-C8BC-4FA2-B647-33F5E53E1301
Q112568297,MBATANI Gogel,Q112567889,Q327591,SÉ,,,2017-08-19,,,Q112568297-D27CB75C-2DD9-4CDE-AF7E-8BC58CEEF42D
Q112568298,MBOBO KITOKO Charles,Q112567889,Q327591,SÉ,,,2017-08-19,,,Q112568298-F063CC20-6ADD-45D6-BCDA-0796AD018F1D
Q112568299,MBONGO MVOULI OBAMBESSA Luther,Q112567889,Q1785816,PCT,,,2017-08-19,,,Q112568299-DE4EF502-FCF5-4E29-96A3-624F74453442
Q112568477,MBOSSA Joseph,Q21295980,Q1785816,PCT,,,2017-08-19,,,Q112568477-AB8D493E-F6CA-489E-BF49-755EC63C7915
Q112568300,MBOUKOULOU Lucien,Q112567889,,,,,2017-08-19,,,Q112568300-F3FA4853-3F42-4A66-8615-24DBFF133531
Q7299001,MBOULOU Raymond Zéphirin,Q21295980,Q1785816,PCT,,,2017-08-19,,male,Q7299001-B1ADD6D9-03E5-4B96-AFFA-CDFF9D45304E
Q112568478,MBOUMA Albert,Q21295980,Q1785816,PCT,,,2017-08-19,,male,Q112568478-9997BFD7-0782-4D36-98E1-FFE75472E25B
Q112568301,MBOUNGOU Goolfred Florent,Q112567889,Q1785816,PCT,,,2017-08-19,,,Q112568301-A97482CD-8DF8-4AD7-9812-17AEF464511D
Q112568302,MBOUNGOU MBOUNGOU Raymond,Q112567889,Q1785816,PCT,,,2017-08-19,,,Q112568302-9CD94422-4164-4370-B9E7-D74D34EF4BBD
Q112568481,MBOUSSI NGOUARI Michel,Q21295980,,,,,2017-08-19,,,Q112568481-6E506F4A-715F-4606-8535-0D6EF65D4898
Q112568482,MENSAH née SASSOU NGUESSO,Q21295980,Q1785816,PCT,,,2017-08-19,,,Q112568482-B58919DF-C5D3-48B0-B376-BDB2B8CD3B4A
Q112568304,MFALI Maturin,Q112567889,Q1785816,PCT,,,2017-08-19,,,Q112568304-BB510E4F-CC11-408D-B010-473AAE34A6E8
Q112568305,MFIRA Pascal,Q112567889,Q1785816,PCT,,,2017-08-19,,,Q112568305-03D30605-4D44-41C6-856E-26F7059B9E3D
Q112568483,MIHAMBOU Josué,Q21295980,,,,,2017-08-19,,,Q112568483-92F7522A-CBF5-41CB-8FB3-C40E6E345D84
Q112568306,MIKILIK Athanase,Q112567889,Q1785816,PCT,,,2017-08-19,,,Q112568306-4C0247B8-3949-480B-8D10-C0B55A291923
Q112568484,MINDA Pierre Christian,Q21295980,Q1785816,PCT,,,2017-08-19,,,Q112568484-68620DDA-F642-4384-A124-937AC5B47211
Q112568307,MIOKO Germain,Q112567889,Q1785816,PCT,,,2017-08-19,,,Q112568307-F309F5BE-7998-4CC7-B742-CAFCA389CE55
Q112568485,MOBONDZO ENDZONGA Marien,Q21295980,Q1785816,PCT,,,2017-08-19,,,Q112568485-CD1AC535-D8B6-46B7-8714-2F2C66168F54
Q4705682,MOKA Alain,Q21295980,Q1785816,PCT,,,2017-08-19,,male,Q4705682-9EBECAAE-04B9-4CF7-B236-CF8393F20F43
Q112568486,MOKEMO Zacharie,Q21295980,Q1785816,PCT,,,2017-08-19,,,Q112568486-89C8C306-75CB-4893-BC4E-D4D5456563E6
Q112568308,MONBANDJO Jean Roger Bosco,Q112567889,Q1785816,PCT,,,2017-08-19,,,Q112568308-93A98BE8-BDF9-439C-807D-AD9586CCB092
Q112568487,MONDELE Juste Désiré,Q21295980,,,,,2017-08-19,,,Q112568487-CF8EE426-8558-4C38-9852-26B2A3886F07
Q24158913,MOTTOM MAMONI Léonidas Carrel,Q21295980,Q1785816,PCT,,,2017-08-19,,male,Q24158913-092058e8-49cf-7096-89bd-2f7a4fdb17c5
Q112568489,MOUAGNI Aimé Hydevert,Q21295980,,,,,2017-08-19,,male,Q112568489-888A3602-34E6-4830-9D85-C62B41EAC3C0
Q23928873,MOUAMBA Clément,Q21295980,Q1785816,PCT,,,2017-08-19,2021-10-29,male,Q23928873-475A8489-7EFF-44D9-9533-6EA709AAABC7
Q112568309,MOUANDA Donatien,Q112567889,Q327591,SÉ,,,2017-08-19,,,Q112568309-15F92A12-B30A-490F-8C43-7FBD36E9EEC7
Q112568490,MOUANDA Jean Jacques,Q21295980,Q1785816,PCT,,,2017-08-19,,,Q112568490-46DF8D54-E6B7-44FB-80C1-CB4D666526E4
Q112568310,MOUANDZA MOUYABI Francis,Q112567889,Q1785816,PCT,,,2017-08-19,,,Q112568310-E4814678-A857-46BB-A069-DC81EA9270AD
Q112568491,MOUANDZA Pierre,Q21295980,,,,,2017-08-19,,,Q112568491-25159626-8E38-41E8-9F11-BC348E9D1721
Q112568492,MOUELE Serge Hubert,Q21295980,Q1785816,PCT,,,2017-08-19,,male,Q112568492-69320DBA-F397-44F0-9E9F-09AEE801344D
Q112568311,MOUHINGOU Germain,Q112567889,Q1785816,PCT,,,2017-08-19,,,Q112568311-C4F78280-2874-4252-9704-AE2B340DEC82
Q112568493,MOUHOUMOUNOU David Benoit,Q21295980,Q1785816,PCT,,,2017-08-19,,,Q112568493-B9D6DA03-6786-4953-B4B8-6D63B2FCF9B3
Q112568312,MOUKOUIMI Albert,Q112567889,,,,,2017-08-19,,,Q112568312-4539826A-7818-43CD-8517-530D8411CC4F
Q112568313,MOULOUMBA Piorrot Jean Marc,Q112567889,Q1785816,PCT,,,2017-08-19,,,Q112568313-1E324D0E-089E-40B3-A9A3-36053BC6BE14
Q112568314,MOUNDELE NGOLO EHOUROSSIA Yves,Q112567889,Q1785816,PCT,,,2017-08-19,,,Q112568314-420C2002-4470-4984-B36F-7D946A641A77
Q17110704,MOUSSODIA Jean Didace Médard,Q21295980,,,,,2017-08-19,,male,Q17110704-4A648D84-E3FD-40EA-8278-78B75FBB7DD7
Q112568315,MPIKA MAMPASSI René,Q112567889,Q1785816,PCT,,,2017-08-19,,,Q112568315-988E71FC-E796-4C2F-8646-3868E72FC74A
Q112568494,NDIKI MAMPAKA Christophe,Q21295980,Q327591,SÉ,,,2017-08-19,,,Q112568494-D80D6B34-B7A4-429C-BE52-D0478C23EF94
Q112568495,NDINGA MAKANDA Accel Arnaud,Q21295980,Q1785816,PCT,,,2017-08-19,,male,Q112568495-C0969BF4-2048-4336-A997-04B31D11E565
Q17111062,NDOUANE DAMBERT René,Q21295980,Q1785816,PCT,,,2017-08-19,,male,Q17111062-BD16341A-3EF1-411A-8BBC-35E2D02F9843
Q112568496,NDOUNA François,Q21295980,Q327591,SÉ,,,2017-08-19,,,Q112568496-C7A280EF-2DBD-478E-B2CE-ED05CB6DC447
Q112568317,NFOUTOU NKOUNGA Antoine,Q112567889,Q327591,SÉ,,,2017-08-19,,,Q112568317-D5954A3C-5716-49CF-AD53-2E47B39039A8
Q112568497,NGABELET Auguste,Q21295980,Q327591,SÉ,,,2017-08-19,,,Q112568497-BD24EEC9-4862-4ED9-AAD0-60B1B9ED15CD
Q112568318,NGALIBO Pascal,Q112567889,Q327591,SÉ,,,2017-08-19,,,Q112568318-EC30BF46-E676-4095-B225-69599B3657F3
Q112568498,NGAMBILI IBAM Bersol Exaucé,Q21295980,Q1785816,PCT,,,2017-08-19,,,Q112568498-44B4C710-127A-4D03-8995-391A5C90C00B
Q57069711,NGANFOUOMO Charles,Q21295980,Q1785816,PCT,,,2017-08-19,,male,Q57069711-1034904D-75D9-4EB9-987A-A05F24BB9CB8
Q112568499,NGATSELE Alphonse,Q21295980,Q327591,SÉ,,,2017-08-19,,,Q112568499-9D57A7B6-5F29-4DE6-8106-F6263172F2FD
Q112568500,NGOKANA Denis Auguste Marie,Q21295980,Q1785816,PCT,,,2017-08-19,,male,Q112568500-67F2C9B3-9CA0-4A6E-A2AD-57EB7B42AF44
Q112568319,NGOMA Isidore Séraphin,Q112567889,Q327591,SÉ,,,2017-08-19,,,Q112568319-D12EC66D-163F-4A6F-85AC-3F736DDF2D21
Q3142653,NGOUELONDELE Hugues,Q21295980,Q1785816,PCT,,,2017-08-19,,male,Q3142653-AE713C1F-4484-4312-958E-29C726E6C61F
Q112568501,NGOULA Antoine,Q21295980,Q1785816,PCT,,,2017-08-19,,,Q112568501-513EE4B6-502E-4808-A427-29D5C96211AB
Q112568502,NGOULOU Boniface,Q21295980,,,,,2017-08-19,,,Q112568502-9721C91A-8CEC-40E7-AEF2-A30E2149AAC5
Q112568320,NGOUMBA Gabriel,Q112567889,Q1785816,PCT,,,2017-08-19,,,Q112568320-A0FB40D8-B62C-425C-ADF1-3D7DCF5AB4E6
Q55807584,NGOUONIMBA Josué Rodrigue,Q21295980,,,,,2017-08-19,,male,Q55807584-D7520F10-0726-4342-B8B5-94BE499255FC
Q112568503,NGOZOK MISSEKA Golfe,Q21295980,Q1785816,PCT,,,2017-08-19,,,Q112568503-C9A0D422-6059-4998-B54F-FB4AA32E7335
Q112568321,NGUIMBY DE MOUSSYTH KINGA Patrick,Q112567889,Q1785816,PCT,,,2017-08-19,,,Q112568321-38B3B25D-77E5-4581-A8E3-D9C18567A9C2
Q105763582,NIANGA Blandine,Q21295980,Q1785816,PCT,,,2017-08-19,,female,Q105763582-4B802F0F-7EFA-4AD9-836F-40F7CD4D9FD7
Q112568322,NKABA Ernestine,Q112567889,Q1785816,PCT,,,2017-08-19,,,Q112568322-E0B08AFA-42DA-49C5-9406-506B53E226C2
Q112568508,NKODIA KYND Gaétan,Q21295980,Q1785816,PCT,,,2017-08-19,,male,Q112568508-9AD266E6-74E1-4612-B135-6EB3370228DC
Q112568509,NKOUKA Jean,Q21295980,Q1785816,PCT,,,2017-08-19,,,Q112568509-68EFD079-BE3D-4CA8-A549-A4C823719E74
Q112568510,NKOUNKA MANANGA YOGO Marianne,Q21295980,Q1785816,PCT,,,2017-08-19,,,Q112568510-7A06F169-4E88-46F0-AC6B-4B16CB8608EB
Q112568323,NOUMAZALALI Linda,Q112567889,Q1785816,PCT,,,2017-08-19,,,Q112568323-D780A905-31BC-4515-8E35-EA061FDC8E2F
Q112568324,NTSAMBVA Léon,Q112567889,Q1785816,PCT,,,2017-08-19,,,Q112568324-FFE68FC3-D54E-4F3D-9BC2-0A3768A7B19A
Q112568511,NYANGA ELENGA André,Q21295980,Q1785816,PCT,,,2017-08-19,,,Q112568511-B3816EA6-EB45-4663-B58E-BCE0A22525F8
Q112568326,NZAOU Féicien Dieudonné,Q112567889,,,,,2017-08-19,,,Q112568326-BCBAF5A0-D8F7-40E9-804F-45735A88EEB1
Q112568327,NZIMBI Norbert,Q112567889,,,,,2017-08-19,,,Q112568327-3A32C6E1-94E2-4891-9E9D-2675770568AA
Q112568512,NZOMONO Macaire,Q21295980,Q327591,SÉ,,,2017-08-19,,,Q112568512-92A30F6A-7864-4654-8690-A84141DABBD5
Q112568328,NZOUMINI DITADI,Q112567889,Q1785816,PCT,,,2017-08-19,,,Q112568328-49184B7C-AD9F-4BB7-B2B5-D2D69E34470E
Q112568514,N’DINGA Alexis,Q21295980,,,,,2017-08-19,,,Q112568514-0BD9F878-9132-4C02-8B7F-4BA778CF0332
Q112568515,N’GOMA MBOUKOU Ulriche,Q21295980,Q1785816,PCT,,,2017-08-19,,,Q112568515-76C431D3-49F1-4A16-8757-34C847E238EC
Q65158671,OBAM ONDON Antoine Bienaimé,Q21295980,Q1785816,PCT,,,2017-08-19,,male,Q65158671-639A78DC-B87E-47DE-B838-115F48130ED9
Q48778049,OBAMBI Pierre,Q21295980,Q1785816,PCT,,,2017-08-19,,male,Q48778049-23BC5AAB-4B19-4538-8284-DBC32272357A
Q112568329,OBANGA Jean Fabrice,Q112567889,,,,,2017-08-19,,,Q112568329-BE0C840D-0CD7-4222-B23E-BFAA07264A0B
Q112568330,OFAMALEKOU Ghislain Urbain,Q112567889,Q1785816,PCT,,,2017-08-19,,,Q112568330-839D317E-1E64-4BF6-8E89-338C4F57D000
Q112568331,OFOUNGA Joseph,Q112567889,Q1785816,PCT,,,2017-08-19,,,Q112568331-58838B43-FFB3-42B4-959C-8FCB1F7E83E7
Q112568332,OKANDZA Fernand,Q112567889,Q1785816,PCT,,,2017-08-19,,,Q112568332-29D2DF38-79CF-4E52-BC74-38FB4650A111
Q112568333,OKEMBA PITY Nathalie Sylvie,Q112567889,Q1785816,PCT,,,2017-08-19,,,Q112568333-3ACDC72D-39FB-4CD5-8FD4-C0F9284C8018
Q112568334,OKONDZA Jean Fréderic,Q112567889,Q1785816,PCT,,,2017-08-19,,,Q112568334-538A6433-7F38-49E2-8EDB-296603A22141
Q112568516,OKOUENI Michel,Q21295980,Q1785816,PCT,,,2017-08-19,,,Q112568516-0E4E7D1F-8F56-458D-AD55-D6AE74B88641
Q112568335,OMBAKA Jean Michel,Q112567889,Q1785816,PCT,,,2017-08-19,,,Q112568335-E92E4BB5-DB82-4E0C-A6B6-0FF5CD643547
Q112568336,OMBO LEBARRAS Charles Timothé,Q112567889,,,,,2017-08-19,,,Q112568336-8B11A641-9AEA-4E30-A88B-BBFCC33FFA27
Q112568517,OMINGA Maixent Raoul,Q21295980,Q1785816,PCT,,,2017-08-19,,,Q112568517-B99D2D9B-69EA-40BF-8BCE-DFC5DDCD9C97
Q112568337,OMVOUELET Francis Pépin,Q112567889,Q1785816,PCT,,,2017-08-19,,,Q112568337-61855BD4-E757-4297-A6C2-E548725C8C22
Q112568518,ONDELE jaurès,Q21295980,Q1785816,PCT,,,2017-08-19,,,Q112568518-5EA296C1-D001-49F5-837D-2C62CC172B64
Q112568519,ONDONGO Evariste,Q21295980,Q1785816,PCT,,,2017-08-19,,,Q112568519-A8C6709F-4D2E-4405-9782-6F6B2191AA2A
Q5561139,ONDONGO Gilbert,Q21295980,Q1785816,PCT,,,2017-08-19,,male,Q5561139-0DFEFABA-A468-48F4-8DF3-0002A35C36F4
Q112568520,ONDZE Dominique,Q21295980,Q1785816,PCT,,,2017-08-19,,,Q112568520-435FD06E-DB44-422F-BD44-658F22B77DC9
Q112568521,ONDZE née NGAMBOLO Bernadette,Q21295980,Q1785816,PCT,,,2017-08-19,,,Q112568521-03EA00D4-39CC-483E-A897-7E80C6599A17
Q112568338,ONGOLY née LOUMINGOU Géneviève,Q112567889,Q1785816,PCT,,,2017-08-19,,,Q112568338-590C1D9F-F2DF-4D4D-91CF-D34E91A00E17
Q6711024,OPIMBAT Léon Alfred,Q21295980,Q1785816,PCT,,,2017-08-19,,male,Q6711024-A4D44FCD-7121-4785-8EF3-2A6B1966CDE6
Q112568522,OPIMBAT née MBOUNDZA MOKE EKOTIKAMBI Charlotte,Q21295980,Q1785816,PCT,,,2017-08-19,,,Q112568522-C1403B05-9430-49FA-9325-DAC5226484B9
Q112568340,OSSEBI Jean Christ,Q112567889,Q1785816,PCT,,,2017-08-19,,,Q112568340-133C947A-5544-4435-90E8-5401E53C6DEA
Q112568523,OTOKA Oscar,Q21295980,Q1785816,PCT,,,2017-08-19,,,Q112568523-2145E3A6-37F5-46C3-8D05-D679D8E1E510
Q112568524,OTSALEYOUA Saturnin,Q21295980,Q1785816,PCT,,,2017-08-19,,,Q112568524-EAD65812-FC3C-4C84-9214-586771C47896
Q112568525,OWASSA YAUCKA Abel Jo,Q21295980,Q1785816,PCT,,,2017-08-19,,,Q112568525-DB01E5DC-2EFE-434F-96F9-AC09889FE5B4
Q112568341,OYANDZA Guy Fernand,Q112567889,,,,,2017-08-19,,,Q112568341-4DE3340A-6D26-4FF7-9FD5-3FECBCFCCE1B
Q112568342,OYERONDAYA Louisie,Q112567889,Q1785816,PCT,,,2017-08-19,,,Q112568342-1972B95F-E30A-43EE-B654-28C9B1F57DFB
Q112568343,OYINDZA Emmanuel,Q112567889,,,,,2017-08-19,,,Q112568343-93AB843A-6FCA-473E-9DED-063869400645
Q112568526,OYO EMBOUNOU Jules Junior Romy,Q21295980,Q1785816,PCT,,,2017-08-19,,,Q112568526-0C87F396-2CC1-4CDB-91AF-922973AED63C
Q112568344,PAKA BANTHOUD Genest Wilfrid,Q112567889,Q1785816,PCT,,,2017-08-19,,,Q112568344-BA42EF1D-50B5-4CFA-BFE8-B89EE3A3F266
Q112568345,PAMBOU DADET Daniast,Q112567889,Q1785816,PCT,,,2017-08-19,,,Q112568345-84D9A8D4-329E-4DB2-944D-DBD821D5BCCD
Q112568527,PAMBOU Germaine,Q21295980,Q327591,SÉ,,,2017-08-19,,,Q112568527-4E719217-D624-4750-9F90-1977D79C6B74
Q112568346,POUELA Marc Gilbert,Q112567889,Q1785816,PCT,,,2017-08-19,,,Q112568346-64919C7E-988F-452F-9161-751D343ADF26
Q112568347,POUPET Emmanuel,Q112567889,Q1785816,PCT,,,2017-08-19,,,Q112568347-1E985A5C-19AF-4377-8432-911974D623CC
Q16191165,SABAYE Fernand,Q21295980,Q1785816,PCT,,,2017-08-19,,male,Q16191165-495FC4D6-05DD-4C95-9665-175BBC887785
Q112568528,SAMBA Sylvain,Q21295980,Q327591,SÉ,,,2017-08-19,,,Q112568528-D4B5D6D8-16E1-4C20-940F-4C3619E90B02
Q3022596,SASSOU-NGUESSO Denis Christel,Q21295980,Q1785816,PCT,,,2017-08-19,,male,Q3022596-7C9312F8-8779-4912-AC34-F43137BB2E69
Q106366290,SAYI Honoré,Q21295980,,,,,2017-08-19,,male,Q106366290-61C6544B-412B-40CA-BC68-752BB0DEE368
Q112568529,SEKO Hyppolite,Q21295980,Q1785816,PCT,,,2017-08-19,,,Q112568529-6741AAFC-AB57-4F9E-B706-9698B4EE5BCC
Q112568530,SOUNDA Jean Aimé,Q21295980,,,,,2017-08-19,,,Q112568530-A1954A91-BA81-4621-9EB1-9487D2181930
Q112568531,SYBALI Jean,Q21295980,Q1785816,PCT,,,2017-08-19,,,Q112568531-ED891050-AF48-4784-B49A-370080E2A75D
Q112568349,TCHIBINDA Alain,Q112567889,,,,,2017-08-19,,,Q112568349-89CA5220-E982-4DB7-B580-6555E46F49A7
Q112568532,TCHIGNOUMBA MBOUMBA Gilbert Paul,Q21295980,Q1785816,PCT,,,2017-08-19,,,Q112568532-9EB6D94E-095A-4A7D-AF67-8A98C26F2B6D
Q112568533,TENGO Laurent,Q21295980,,,,,2017-08-19,,male,Q112568533-411F44D8-E1B7-46AD-A196-92DFB672B74D
Q112568535,THYSTERE TCHIKAYA Jean Marc,Q21295980,,,,,2017-08-19,,,Q112568535-5735096E-FD1D-4C8D-871E-49EFBE581651
Q105755868,TIELE GAMBIA OLOU Antoinette,Q21295980,Q1785816,PCT,,,2017-08-19,,female,Q105755868-7D7E0163-493B-4C07-98AC-4E22CAD57F28
Q112568536,TONO Marie Louise,Q21295980,Q1785816,PCT,,,2017-08-19,,female,Q112568536-9620F416-5565-4C17-AB70-2A94E62A6429
Q112568350,TOUNGOUKA Fidèle,Q112567889,,,,,2017-08-19,,,Q112568350-367524EB-C8AB-4240-9736-E7883D073644
Q94285488,TSALISSAN OKOMBI Digne Elvis,Q21295980,,,,,2017-08-19,,male,Q94285488-F28B2521-217C-4896-A6CB-9ABD29C75419
Q7141729,TSATY MABIALA Pascal,Q21295980,Q3550401,UPADS,Q4267430,Loudima District,1992,,male,Q7141729-97222B80-78CD-42BF-ADB0-AA55161BFB59
Q112568351,TSIAKOUAMA Christophe,Q112567889,Q327591,SÉ,,,2017-08-19,,,Q112568351-BCD5A04B-E18E-41B5-8A42-4AFC48C74733
Q112568537,TSIBA Jean Appolinaire,Q21295980,,,,,2017-08-19,,,Q112568537-E8BC0810-E4D0-4E92-9C0D-DA0E883BC5B1
Q112568539,TSOUMOU MOUKASSA Adrien,Q21295980,,,,,2017-08-19,,male,Q112568539-6CB0D38A-10F6-43D2-B8CB-A6212EF6E46C
Q112568540,TSOUMOU Yves,Q21295980,Q327591,SÉ,,,2017-08-19,,,Q112568540-00429398-121D-49D4-9D31-5D1BBADBA404
Q112568352,YEKA Fréderic,Q112567889,Q1785816,PCT,,,2017-08-19,,,Q112568352-6DC82B97-19C6-43BE-A9B8-FAFB169F9206
Q112568353,YOKA Justin,Q112567889,Q1785816,PCT,,,2017-08-19,,,Q112568353-6D7E4084-54EC-4E49-8354-BA5D4A4FF60E
Q112568541,ZAMBA Bienvenu Victor,Q21295980,,,,,2017-08-19,,,Q112568541-625B244D-A8E5-451E-9E93-D847772FF4FE
Q112568543,ZONIABA AYIMESSONE Henri,Q21295980,Q1785816,PCT,,,2017-08-19,,male,Q112568543-AD4B66C4-71C9-45BD-9341-9D4EDEA103ED
